article,brand,name,price,old_price,rating,reviews,url
306061825,,,,2444,,,https://www.wildberries.ru/catalog/306061825/detail.aspx
142821506,,Увлажняющий лосьон для чувствительной кожи лица и тела,,,,,https://www.wildberries.ru/catalog/142821506/detail.aspx
309017858,,Кроссовки Balenciaga Track,5493,10564,,,https://www.wildberries.ru/catalog/309017858/detail.aspx
309017861,,Balenciaga 3хл,4951,14563,,,https://www.wildberries.ru/catalog/309017861/detail.aspx
469666182,,Капли автозагар для лица и тела концентрат,,,,,https://www.wildberries.ru/catalog/469666182/detail.aspx
311659017,,Гидрофильный бальзам щербет для умывания и снятия макияжа,1411,2098,,,https://www.wildberries.ru/catalog/311659017/detail.aspx
549253521,,Компрессионный бандаж Rhino Recsue 10 см (4 in) ИПП,,,,,https://www.wildberries.ru/catalog/549253521/detail.aspx
688613778,,Набор 2 штук Точилка для карандашей пластиковая 2 отверстия,489,659,,,https://www.wildberries.ru/catalog/688613778/detail.aspx
246162580,,Подарочный набор масок для лица,,,,,https://www.wildberries.ru/catalog/246162580/detail.aspx
246538773,,По Вашему запросу ничего не найдено,,,,,https://www.wildberries.ru/catalog/246538773/detail.aspx
148822805,,Крем для тела и рук увлажняющий 300 мл с пантенолом,,,,,https://www.wildberries.ru/catalog/148822805/detail.aspx
309272983,,Накидки-чехлы на Renault Twingo Iii 1шт,,,,,https://www.wildberries.ru/catalog/309272983/detail.aspx
145541537,,Тоник для лица увлажняющий с центеллой,1000,1521,,,https://www.wildberries.ru/catalog/145541537/detail.aspx
381414567,,По Вашему запросу ничего не найдено,,,,,https://www.wildberries.ru/catalog/381414567/detail.aspx
100105255,,Игора краска для волос профессиональная тон 4- 3- и оттенки,1625,2902,,,https://www.wildberries.ru/catalog/100105255/detail.aspx
12938793,,По Вашему запросу ничего не найдено,,,,,https://www.wildberries.ru/catalog/12938793/detail.aspx
244994473,,Увлажняющий крем для лица с центеллой 50 мл,934,1420,,,https://www.wildberries.ru/catalog/244994473/detail.aspx
521169963,,Адвент календарь с уходовой косметикой для всех типов кожи,,,,,https://www.wildberries.ru/catalog/521169963/detail.aspx
198705067,,Энзимная пудра для умывания лица с папаином от черных точек,642,941,,,https://www.wildberries.ru/catalog/198705067/detail.aspx
309549871,,Рулевая тяга Toyota Sienna III 2010-2024,,,,,https://www.wildberries.ru/catalog/309549871/detail.aspx
404287157,,Увлажняющая эмульсия для лица восстанавливающая с церамидами,1000,1521,,,https://www.wildberries.ru/catalog/404287157/detail.aspx
549255867,,По Вашему запросу ничего не найдено,,,,,https://www.wildberries.ru/catalog/549255867/detail.aspx
218602044,,"Бальзам для губ увлажняющий SPF 15+, 5 мл",,,,,https://www.wildberries.ru/catalog/218602044/detail.aspx
309582013,,Блокнот для записей детский Капибара,,,,,https://www.wildberries.ru/catalog/309582013/detail.aspx
265293502,,Крем для лица и шеи увлажняющий,,,,,https://www.wildberries.ru/catalog/265293502/detail.aspx
642422849,,Подарочный набор косметики для ухода за кожей Daily Routine,,,,,https://www.wildberries.ru/catalog/642422849/detail.aspx
253398723,,По Вашему запросу ничего не найдено,,,,,https://www.wildberries.ru/catalog/253398723/detail.aspx
297440452,,Воск для лап собак защитный,786,1099,,,https://www.wildberries.ru/catalog/297440452/detail.aspx
211891273,,"Увлажняющая сыворотка для лица, 30 мл",,,,,https://www.wildberries.ru/catalog/211891273/detail.aspx
701890634,,Косметический подарочный набор VOIS x AIM CLO,,,,,https://www.wildberries.ru/catalog/701890634/detail.aspx
523231435,,Адвент календарь с уходовой косметикой для всех типов кожи,,,,,https://www.wildberries.ru/catalog/523231435/detail.aspx
309103821,,Умный выключатель сенсорный с Алисой,,,,,https://www.wildberries.ru/catalog/309103821/detail.aspx
198332496,,"Крем-парафин ""Апельсиновый мусс"" с маслами 300 мл",,,,,https://www.wildberries.ru/catalog/198332496/detail.aspx
352047702,,По Вашему запросу ничего не найдено,,,,,https://www.wildberries.ru/catalog/352047702/detail.aspx
309103452,,По Вашему запросу ничего не найдено,,,,,https://www.wildberries.ru/catalog/309103452/detail.aspx
953399007,,Дождевик зелёный уневерсальный мужской женский,656,15601,,,https://www.wildberries.ru/catalog/953399007/detail.aspx
772700896,,Джемпер тонкий теплый оверсайз,8747,15576,,,https://www.wildberries.ru/catalog/772700896/detail.aspx
230900707,,Альгинатная маска для лица увлажняющая с лифтинг - эффектом,,,,,https://www.wildberries.ru/catalog/230900707/detail.aspx
242589924,,Пенка для умывания лица очищающая с ниацинамидом,891,1305,,,https://www.wildberries.ru/catalog/242589924/detail.aspx
293926766,,Набор Крем для рук увлажняющий парфюмированный,,,,,https://www.wildberries.ru/catalog/293926766/detail.aspx
309104495,,Накидка на руль Toyota Land Cruiser пок. 200 2007-2012,1263,2700,,,https://www.wildberries.ru/catalog/309104495/detail.aspx
311649776,,Энзимная пудра для умывания с папаином и центеллой,642,940,,,https://www.wildberries.ru/catalog/311649776/detail.aspx
380321650,,Чехол на Motorolla Edge 40 PRO с принтом тор,,,,,https://www.wildberries.ru/catalog/380321650/detail.aspx
847659764,,пенка для умывания,783,19520,,,https://www.wildberries.ru/catalog/847659764/detail.aspx
582997621,,Подарочный набор уходовой косметики для лица крем и сыворотка,,,,,https://www.wildberries.ru/catalog/582997621/detail.aspx
220363638,,По Вашему запросу ничего не найдено,,,,,https://www.wildberries.ru/catalog/220363638/detail.aspx
761700859,,Пилинг-скатка для обновления кожи с PHA-кислотами,828,1196,,,https://www.wildberries.ru/catalog/761700859/detail.aspx
